{
  "accuracy": [
    0.6600984930992126,
    0.7733989953994751,
    0.8177340030670166,
    0.8571428656578064,
    0.8916256427764893,
    0.9211822748184204,
    0.9556650519371033,
    0.9753694534301758
  ],
  "loss": [
    1.0048986673355103,
    0.5028277039527893,
    0.4287981390953064,
    0.36683765053749084,
    0.27752888202667236,
    0.20799188315868378,
    0.11477796733379364,
    0.10216367244720459
  ],
  "val_accuracy": [
    0.7599999904632568,
    0.7799999713897705,
    0.7799999713897705,
    0.800000011920929,
    0.800000011920929,
    0.8199999928474426,
    0.8399999737739563,
    0.8199999928474426
  ],
  "val_loss": [
    0.5040846467018127,
    0.49997347593307495,
    0.4940129220485687,
    0.4884181618690491,
    0.47812286019325256,
    0.4978877604007721,
    0.6086833477020264,
    0.5521237254142761
  ]
}