{
  "accuracy": [
    0.6315789222717285,
    0.7302631735801697,
    0.7763158082962036,
    0.8355262875556946,
    0.8881579041481018,
    0.9539473652839661
  ],
  "loss": [
    0.8685418367385864,
    0.5575510859489441,
    0.460145503282547,
    0.3519534766674042,
    0.31289228796958923,
    0.24066801369190216
  ],
  "val_accuracy": [
    0.686274528503418,
    0.8823529481887817,
    0.8823529481887817,
    0.843137264251709,
    0.8039215803146362,
    0.8235294222831726
  ],
  "val_loss": [
    0.5486129522323608,
    0.45526769757270813,
    0.4428562819957733,
    0.4957800507545471,
    0.503797709941864,
    0.47769588232040405
  ]
}